{
    "mae": 260.59091996705365,
    "rmse": 356.7751406706547,
    "peak_detection_accuracy": 0.4240192796893828,
    "average_confidence": 