{
    "avg_prediction_change": 0.307023823261261,
    "std_prediction_change": 0.8239467740058899,
    "num_significant_changes": 1020,
    "avg_confidence_change": 3.493321418762207,
    "peak_detection_changes": 0,
    "significant_moments": [
        5,
        15,
        19,
        26,
        27,
        28,
        59,
        62,
        65,
        67,
        70,
        73,
        76,
        81,
        85,
        91,
        104,
        109,
        134,
        135,
        140,
        141,
        157,
        172,
        180,
        183,
        184,
        186,
        198,
        202,
        211,
        237,
        245,
        253,
        259,
        275,
        277,
        289,
        299,
        316,
        320,
        327,
        331,
        337,
        339,
        352,
        367,
        369,
        373,
        397,
        401,
        409,
        410,
        444,
        445,
        451,
        455,
        464,
        470,
        471,
        472,
        475,
        477,
        483,
        489,
        492,
        495,
        506,
        510,
        514,
        583,
        597,
        623,
        625,
        627,
        632,
        642,
        657,
        660,
        684,
        690,
        695,
        696,
        707,
        715,
        721,
        722,
        728,
        730,
        731,
        734,
        736,
        744,
        746,
        749,
        756,
        765,
        779,
        790,
        797,
        806,
        807,
        815,
        818,
        820,
        826,
        828,
        829,
        849,
        871,
        875,
        881,
        886,
        905,
        906,
        911,
        918,
        926,
        934,
        937,
        943,
        944,
        962,
        964,
        971,
        985,
        1001,
        1007,
        1021,
        1032,
        1038,
        1050,
        1058,
        1070,
        1083,
        1085,
        1091,
        1099,
        1105,
        1130,
        1136,
        1143,
        1144,
        1150,
        1154,
        1159,
        1160,
        1173,
        1176,
        1179,
        1183,
        1186,
        1191,
        1195,
        1205,
        1214,
        1223,
        1224,
        1226,
        1233,
        1242,
        1253,
        1257,
        1263,
        1266,
        1271,
        1279,
        1280,
        1286,
        1289,
        1303,
        1310,
        1313,
        1318,
        1321,
        1323,
        1329,
        1332,
        1337,
        1338,
        1347,
        1352,
        1355,
        1361,
        1370,
        1380,
        1387,
        1390,
        1391,
        1403,
        1405,
        1414,
        1434,
        1435,
        1436,
        1443,
        1463,
        1474,
        1479,
        1480,
        1484,
        1511,
        1513,
        1515,
        1517,
        1525,
        1528,
        1538,
        1545,
        1546,
        1558,
        1570,
        1573,
        1578,
        1597,
        1602,
        1604,
        1606,
        1624,
        1627,
        1636,
        1639,
        1640,
        1642,
        1654,
        1667,
        1671,
        1672,
        1678,
        1680,
        1681,
        1693,
        1697,
        1718,
        1724,
        1729,
        1736,
        1742,
        1744,
        1754,
        1756,
        1758,
        1766,
        1767,
        1770,
        1771,
        1772,
        1777,
        1785,
        1790,
        1793,
        1799,
        1801,
        1802,
        1809,
        1820,
        1824,
        1834,
        1840,
        1864,
        1867,
        1875,
        1882,
        1894,
        1900,
        1911,
        1912,
        1914,
        1915,
        1920,
        1924,
        1925,
        1928,
        1940,
        1941,
        1944,
        1946,
        1952,
        1954,
        1957,
        1958,
        1961,
        1962,
        1963,
        1964,
        1976,
        1978,
        1980,
        1982,
        1984,
        1991,
        1997,
        2003,
        2006,
        2008,
        2012,
        2024,
        2026,
        2037,
        2039,
        2043,
        2065,
        2066,
        2068,
        2073,
        2091,
        2092,
        2093,
        2100,
        2104,
        2106,
        2108,
        2109,
        2112,
        2113,
        2124,
        2128,
        2132,
        2135,
        2148,
        2150,
        2156,
        2159,
        2162,
        2164,
        2166,
        2169,
        2182,
        2186,
        2192,
        2196,
        2197,
        2202,
        2208,
        2210,
        2226,
        2230,
        2240,
        2243,
        2252,
        2277,
        2286,
        2290,
        2291,
        2296,
        2299,
        2304,
        2308,
        2309,
        2313,
        2315,
        2324,
        2325,
        2339,
        2340,
        2344,
        2351,
        2354,
        2358,
        2363,
        2371,
        2391,
        2392,
        2398,
        2400,
        2402,
        2406,
        2407,
        2412,
        2416,
        2424,
        2429,
        2431,
        2433,
        2437,
        2439,
        2442,
        2443,
        2455,
        2469,
        2472,
        2478,
        2488,
        2496,
        2503,
        2505,
        2512,
        2520,
        2524,
        2531,
        2547,
        2550,
        2555,
        2559,
        2561,
        2572,
        2579,
        2586,
        2599,
        2629,
        2631,
        2640,
        2646,
        2663,
        2664,
        2669,
        2670,
        2677,
        2682,
        2684,
        2687,
        2691,
        2702,
        2708,
        2715,
        2716,
        2721,
        2723,
        2725,
        2729,
        2732,
        2735,
        2738,
        2740,
        2752,
        2756,
        2758,
        2760,
        2779,
        2783,
        2792,
        2804,
        2806,
        2810,
        2822,
        2831,
        2833,
        2839,
        2843,
        2849,
        2870,
        2873,
        2903,
        2915,
        2966,
        2980,
        3009,
        3012,
        3013,
        3026,
        3031,
        3039,
        3051,
        3063,
        3068,
        3071,
        3072,
        3073,
        3074,
        3084,
        3086,
        3090,
        3091,
        3092,
        3094,
        3096,
        3102,
        3103,
        3108,
        3111,
        3124,
        3127,
        3133,
        3135,
        3141,
        3149,
        3151,
        3188,
        3190,
        3194,
        3198,
        3220,
        3229,
        3232,
        3244,
        3252,
        3256,
        3269,
        3272,
        3290,
        3292,
        3295,
        3313,
        3314,
        3323,
        3336,
        3337,
        3340,
        3342,
        3351,
        3354,
        3355,
        3360,
        3369,
        3371,
        3372,
        3381,
        3388,
        3389,
        3399,
        3418,
        3427,
        3430,
        3446,
        3447,
        3454,
        3459,
        3462,
        3467,
        3469,
        3473,
        3493,
        3501,
        3518,
        3524,
        3525,
        3534,
        3539,
        3551,
        3558,
        3582,
        3589,
        3596,
        3597,
        3606,
        3609,
        3616,
        3617,
        3619,
        3632,
        3647,
        3651,
        3662,
        3674,
        3695,
        3708,
        3720,
        3723,
        3735,
        3737,
        3749,
        3750,
        3751,
        3763,
        3791,
        3812,
        3819,
        3820,
        3821,
        3825,
        3834,
        3835,
        3841,
        3855,
