{"_runtime":40.2391167,"train_mae":0.9315870255231857,"val_mse":1.6934273838996887,"train_mse":1.4721933007240295,"val_mae":1.0061118006706238,"learning_rate":4.065919561312072e-05,"_wandb":{"runtime":47},"val_loss":0.5329198390245438,"_timestamp":1.7365029751934733e+09,"_step":0,"train_loss":0.5345057006925344}