{"train_mae":1.0181185640394688,"_timestamp":1.736508453588686e+09,"_step":44,"val_loss":0.4968731105327606,"_runtime":5412.1061574,"learning_rate":0.0008602441389097313,"val_mae":1.235744446516037,"val_mse":2.531327962875366,"_wandb":{"runtime":5412},"train_loss":0.19044362241402268,"train_mse":1.795623503625393}