{"val_mae":0.8646891968590873,"learning_rate":4.0658229476775855e-05,"val_loss":0.7814030732427325,"_wandb":{"runtime":99},"train_mae":0.8431767225265503,"_step":0,"_runtime":89.9495461,"train_loss":0.867198293959653,"val_mse":1.0954222679138184,"train_mse":1.2572583004280373,"_timestamp":1.7366401561893523e+09}